A,B,C,D,E,F,G,H
12:18AM,12:21AM,12:22AM,12:26AM,12:30AM,12:36AM,12:43AM,12:49AM
01:12AM,01:15AM,01:16AM,01:20AM,01:24AM,01:30AM,01:37AM,01:43AM
04:18AM,04:21AM,04:22AM,04:26AM,04:30AM,04:35AM,04:42AM,04:48AM
04:46AM,04:49AM,04:50AM,04:55AM,04:59AM,05:05AM,05:12AM,05:18AM
05:18AM,05:21AM,05:22AM,05:27AM,05:31AM,05:37AM,05:44AM,05:50AM
05:35AM,05:38AM,05:39AM,05:44AM,05:48AM,05:54AM,06:01AM,06:07AM
05:48AM,05:51AM,05:52AM,05:57AM,06:01AM,06:07AM,06:14AM,06:20AM
06:02AM,06:05AM,06:06AM,06:11AM,06:15AM,06:22AM,06:30AM,06:36AM
06:17AM,06:20AM,06:21AM,06:26AM,06:30AM,06:37AM,06:45AM,06:51AM
06:33AM,06:36AM,06:37AM,06:42AM,06:46AM,06:53AM,07:01AM,07:07AM
06:48AM,06:51AM,06:52AM,06:57AM,07:01AM,07:08AM,07:16AM,07:22AM
07:03AM,07:06AM,07:07AM,07:13AM,07:17AM,07:25AM,07:34AM,07:41AM
07:18AM,07:21AM,07:22AM,07:28AM,07:32AM,07:40AM,07:49AM,07:56AM
07:33AM,07:36AM,07:37AM,07:43AM,07:47AM,07:55AM,08:04AM,08:11AM
07:48AM,07:51AM,07:52AM,07:58AM,08:02AM,08:10AM,08:19AM,08:26AM
08:03AM,08:06AM,08:07AM,08:13AM,08:17AM,08:25AM,08:34AM,08:41AM
08:18AM,08:21AM,08:22AM,08:28AM,08:32AM,08:40AM,08:48AM,08:54AM
08:33AM,08:36AM,08:37AM,08:43AM,08:47AM,08:55AM,09:03AM,09:09AM
08:48AM,08:51AM,08:52AM,08:58AM,09:02AM,09:10AM,09:18AM,09:24AM
09:03AM,09:06AM,09:07AM,09:13AM,09:17AM,09:25AM,09:33AM,09:39AM
09:18AM,09:21AM,09:22AM,09:28AM,09:32AM,09:40AM,09:48AM,09:54AM
09:33AM,09:36AM,09:37AM,09:43AM,09:47AM,09:55AM,10:03AM,10:09AM
09:48AM,09:51AM,09:52AM,09:58AM,10:02AM,10:10AM,10:18AM,10:24AM
10:03AM,10:06AM,10:07AM,10:13AM,10:17AM,10:25AM,10:33AM,10:39AM
10:18AM,10:21AM,10:22AM,10:28AM,10:32AM,10:40AM,10:48AM,10:54AM
10:33AM,10:36AM,10:37AM,10:43AM,10:47AM,10:55AM,11:03AM,11:09AM
10:48AM,10:51AM,10:52AM,10:58AM,11:02AM,11:10AM,11:18AM,11:24AM
11:03AM,11:06AM,11:07AM,11:13AM,11:17AM,11:25AM,11:33AM,11:39AM
11:18AM,11:21AM,11:22AM,11:28AM,11:32AM,11:40AM,11:48AM,11:54AM
11:33AM,11:36AM,11:37AM,11:43AM,11:47AM,11:55AM,12:03PM,12:09PM
11:48AM,11:51AM,11:52AM,11:58AM,12:02PM,12:10PM,12:18PM,12:24PM
12:03PM,12:06PM,12:07PM,12:13PM,12:17PM,12:25PM,12:33PM,12:39PM
12:18PM,12:21PM,12:22PM,12:28PM,12:32PM,12:40PM,12:48PM,12:55PM
12:33PM,12:36PM,12:37PM,12:43PM,12:47PM,12:55PM,01:03PM,01:10PM
12:48PM,12:51PM,12:52PM,12:58PM,01:02PM,01:10PM,01:19PM,01:26PM
01:03PM,01:06PM,01:07PM,01:13PM,01:17PM,01:25PM,01:34PM,01:41PM
01:18PM,01:21PM,01:22PM,01:28PM,01:32PM,01:40PM,01:49PM,01:56PM
01:33PM,01:36PM,01:37PM,01:43PM,01:47PM,01:55PM,02:04PM,02:11PM
01:48PM,01:51PM,01:52PM,01:58PM,02:02PM,02:10PM,02:19PM,02:26PM
02:00PM,02:03PM,02:04PM,02:10PM,02:14PM,02:22PM,02:31PM,02:38PM
02:13PM,02:16PM,02:17PM,02:23PM,02:27PM,02:35PM,02:44PM,02:51PM
02:28PM,02:31PM,02:33PM,02:40PM,02:45PM,02:54PM,03:04PM,03:11PM
02:43PM,02:46PM,02:48PM,02:55PM,03:00PM,03:09PM,03:19PM,03:26PM
02:58PM,03:01PM,03:03PM,03:10PM,03:15PM,03:24PM,03:34PM,03:41PM
03:13PM,03:16PM,03:18PM,03:25PM,03:30PM,03:39PM,03:49PM,03:56PM
03:26PM,03:29PM,03:31PM,03:38PM,03:43PM,03:52PM,04:02PM,04:09PM
03:28PM,03:31PM,03:33PM,03:40PM,03:45PM,03:54PM,04:05PM,04:13PM
03:43PM,03:46PM,03:48PM,03:55PM,04:00PM,04:09PM,04:20PM,04:28PM
03:58PM,04:01PM,04:03PM,04:10PM,04:15PM,04:24PM,04:35PM,04:43PM
04:13PM,04:16PM,04:18PM,04:25PM,04:30PM,04:39PM,04:50PM,04:58PM
04:28PM,04:31PM,04:33PM,04:40PM,04:45PM,04:54PM,05:05PM,05:13PM
04:43PM,04:46PM,04:48PM,04:55PM,05:00PM,05:09PM,05:20PM,05:28PM
04:58PM,05:01PM,05:03PM,05:10PM,05:15PM,05:24PM,05:35PM,05:43PM
05:13PM,05:16PM,05:18PM,05:25PM,05:30PM,05:39PM,05:50PM,05:58PM
05:29PM,05:32PM,05:34PM,05:41PM,05:46PM,05:54PM,06:03PM,06:10PM
05:43PM,05:46PM,05:48PM,05:55PM,06:00PM,06:08PM,06:17PM,06:24PM
05:58PM,06:01PM,06:03PM,06:10PM,06:15PM,06:23PM,06:32PM,06:39PM
06:17PM,06:20PM,06:22PM,06:29PM,06:34PM,06:42PM,06:51PM,06:58PM
06:47PM,06:50PM,06:52PM,06:58PM,07:03PM,07:11PM,07:19PM,07:26PM
07:12PM,07:15PM,07:17PM,07:23PM,07:28PM,07:36PM,07:44PM,07:51PM
07:42PM,07:45PM,07:47PM,07:53PM,07:58PM,08:06PM,08:14PM,08:21PM
08:12PM,08:15PM,08:17PM,08:23PM,08:28PM,08:36PM,08:44PM,08:51PM
08:42PM,08:45PM,08:47PM,08:53PM,08:58PM,09:06PM,09:14PM,09:21PM
09:12PM,09:15PM,09:17PM,09:23PM,09:28PM,09:36PM,09:44PM,09:51PM
09:42PM,09:45PM,09:47PM,09:53PM,09:58PM,10:06PM,10:14PM,10:21PM
10:18PM,10:21PM,10:22PM,10:27PM,10:31PM,10:37PM,10:44PM,10:50PM
10:48PM,10:51PM,10:52PM,10:57PM,11:01PM,11:07PM,11:14PM,11:20PM
11:19PM,11:22PM,11:23PM,11:27PM,11:31PM,11:37PM,11:44PM,11:50PM
